1.jpg,167,109,484,130,2
10.jpg,24,99,536,151,2
11.jpg,40,126,569,167,2
12.jpg,38,128,458,164,2
13.jpg,126,28,343,45,2
14.jpg,261,49,575,76,2
15.jpg,127,22,340,45,2
16.jpg,32,121,542,156,2
17.jpg,258,33,563,60,2
18.jpg,23,130,482,173,2
19.jpg,29,127,571,169,2
2 (1).jpg,263,28,576,47,2
2 (10).jpg,309,264,576,295,2
2 (11).jpg,284,41,332,251,2
2 (12).jpg,32,201,289,243,2
2 (13).jpg,471,248,509,541,2
2 (14).jpg,203,43,558,67,2
2 (15).jpg,134,19,419,38,2
2 (16).jpg,150,39,489,56,2
2 (17).jpg,190,56,575,93,2
2 (18).jpg,245,29,338,43,2
2 (19).jpg,150,122,461,200,2
2 (2).jpg,106,19,386,31,2
2 (20).jpg,242,16,570,82,2
2 (21).jpg,232,47,590,61,2
2 (22).jpg,122,16,364,42,2
2 (23).jpg,25,110,573,142,2
2 (24).jpg,154,21,508,45,2
2 (25).jpg,142,25,419,43,2
2 (26).jpg,30,133,574,157,2
2 (27).jpg,16,136,536,158,2
2 (28).jpg,28,136,553,165,2
2 (29).jpg,20,111,481,133,2
2 (3).jpg,220,68,541,89,2
2 (30).jpg,43,162,560,190,2
2 (31).jpg,78,82,365,122,2
2 (32).jpg,17,229,195,256,2
2 (33).jpg,21,138,400,194,2
2 (34).jpg,151,39,513,57,2
2 (36).jpg,254,19,542,36,2
2 (37).jpg,213,9,591,47,2
2 (38).jpg,181,58,418,78,2
2 (39).jpg,37,163,589,189,2
2 (4).jpg,214,27,496,45,2
2 (40).jpg,230,35,589,56,2
2 (5).jpg,141,25,563,39,2
2 (6).jpg,19,79,436,121,2
2 (7).jpg,200,38,521,64,2
2 (8).jpg,173,65,382,81,2
2 (9).jpg,260,128,502,172,2
2.jpg,23,138,572,162,2
20.jpg,144,49,481,81,2
21.jpg,37,100,515,122,2
22.jpg,29,120,546,163,2
23.jpg,22,149,577,177,2
24.jpg,445,123,600,174,2
25.jpg,32,242,255,286,2
26.jpg,28,190,288,217,2
27.jpg,40,185,267,220,2
28.jpg,132,401,402,428,2
29.jpg,257,40,400,59,2
3 (1).jpg,14,88,502,121,2
3 (1).jpg,16,135,481,204,2
3 (1).jpg,17,94,499,121,2
3 (10).jpg,16,88,221,102,2
3 (11).jpg,202,42,574,66,2
3 (13).jpg,27,152,527,184,2
3 (14).jpg,49,151,568,191,2
3 (15).jpg,257,48,582,96,2
3 (16).jpg,238,50,579,80,2
3 (17).jpg,85,126,404,159,2
3 (2).jpg,229,63,585,90,2
3 (3).jpg,162,30,524,58,2
3 (4).jpg,275,40,291,288,2
3 (5).jpg,134,348,308,368,2
3 (6).jpg,69,442,115,765,2
3 (7).jpg,288,531,313,764,2
3 (8).jpg,100,57,365,84,2
3 (9).jpg,17,106,546,136,2
3.jpg,61,103,511,126,2
30.jpg,68,170,268,207,2
31.jpg,165,318,409,343,2
32.jpg,165,112,190,382,2
33.jpg,20,137,427,161,2
34.jpg,235,33,595,80,2
35.jpg,18,103,366,115,2
36.jpg,352,336,409,724,2
37.jpg,277,105,569,140,2
38.jpg,257,112,426,123,2
39.jpg,90,185,269,209,2
4 (1).jpg,55,131,245,147,2
4 (10).jpg,19,18,305,33,2
4 (11).jpg,287,81,576,95,2
4 (12).jpg,15,125,399,157,2
4 (13).jpg,25,103,572,157,2
4 (14).jpg,23,126,586,154,2
4 (15).jpg,215,71,579,107,2
4 (16).jpg,30,113,580,152,2
4 (17).jpg,25,124,444,152,2
4 (18).jpg,209,75,537,101,2
4 (19).jpg,247,37,590,72,2
4 (2).jpg,23,170,228,207,2
4 (20).jpg,257,37,577,106,2
4 (3).jpg,50,19,540,63,2
4 (4).jpg,8,168,98,721,2
4 (5).jpg,19,96,563,117,2
4 (6).jpg,516,187,574,488,2
4 (7).jpg,232,34,568,73,2
4 (8).jpg,189,40,530,84,2
4 (9).jpg,12,133,381,158,2
4.jpg,9,102,254,127,2
40.jpg,366,208,517,236,2
41.jpg,114,188,411,220,2
42.jpg,152,31,478,51,2
43.jpg,21,114,317,154,2
44.jpg,22,119,392,138,2
45.jpg,239,55,592,83,2
46.jpg,140,32,430,47,2
47.jpg,36,101,474,148,2
48.jpg,114,107,556,144,2
49.jpg,42,128,559,185,2
5 (1).jpg,208,15,595,47,2
5 (10).jpg,180,20,506,47,2
5 (11).jpg,93,118,415,170,2
5 (12).jpg,249,26,574,56,2
5 (13).jpg,178,23,497,40,2
5 (14).jpg,201,495,566,528,2
5 (15).jpg,194,130,363,177,2
5 (16).jpg,21,41,307,83,2
5 (17).jpg,99,179,388,211,2
5 (18).jpg,8,303,231,328,2
5 (19).jpg,212,65,574,88,2
5 (2).jpg,212,40,571,95,2
5 (20).jpg,237,47,483,74,2
5 (21).jpg,227,50,564,76,2
5 (22).jpg,57,51,543,84,2
5 (23).jpg,122,7,428,53,2
5 (24).jpg,195,120,539,186,2
5 (25).jpg,18,263,359,348,2
5 (26).jpg,6,163,296,183,2
5 (27).jpg,220,33,524,56,2
5 (28).jpg,167,69,347,134,2
5 (29).jpg,260,48,566,82,2
5 (3).jpg,99,138,432,159,2
5 (30).jpg,61,164,525,198,2
5 (31).jpg,288,129,589,173,2
5 (32).jpg,248,73,555,112,2
5 (4).jpg,208,44,517,113,2
5 (5).jpg,71,202,328,228,2
5 (6).jpg,236,51,566,66,2
5 (7).jpg,146,73,518,120,2
5 (8).jpg,5,85,570,108,2
5 (9).jpg,55,208,324,249,2
5.jpg,7,91,244,123,2
50.jpg,9,126,202,143,2
51.jpg,39,158,470,181,2
52.jpg,20,119,535,144,2
53.jpg,247,37,566,58,2
54.jpg,299,235,498,264,2
55.jpg,191,19,329,35,2
56.jpg,142,317,423,355,2
57.jpg,484,311,504,502,2
58.jpg,58,113,396,143,2
59.jpg,283,27,528,77,2
6 (1).jpg,147,22,386,46,2
6 (10).jpg,168,66,376,92,2
6 (11).jpg,225,54,557,78,2
6 (12).jpg,222,55,528,81,2
6 (13).jpg,224,18,528,52,2
6 (14).jpg,10,145,269,194,2
6 (15).jpg,222,141,429,175,2
6 (16).jpg,228,26,590,55,2
6 (17).jpg,36,206,238,252,2
6 (18).jpg,102,157,395,209,2
6 (19).jpg,28,121,566,185,2
6 (2).jpg,83,526,531,568,2
6 (20).jpg,34,182,253,256,2
6 (21).jpg,24,167,211,223,2
6 (22).jpg,254,112,534,133,2
6 (23).jpg,212,44,542,86,2
6 (24).jpg,39,230,226,322,2
6 (25).jpg,164,20,445,36,2
6 (26).jpg,229,92,506,117,2
6 (27).jpg,229,62,555,93,2
6 (28).jpg,49,416,392,488,2
6 (3).jpg,203,50,541,74,2
6 (4).jpg,250,55,521,88,2
6 (5).jpg,116,147,474,170,2
6 (6).jpg,24,31,192,55,2
6 (7).jpg,21,497,349,589,2
6 (8).jpg,71,128,526,155,2
6 (9).jpg,253,66,594,107,2
6.jpg,245,29,543,48,2
60.jpg,314,67,431,97,2
61.jpg,31,214,348,290,2
62.jpg,15,142,569,176,2
63.jpg,212,21,585,44,2
64.jpg,21,230,319,284,2
65.jpg,55,141,362,181,2
66.jpg,438,263,463,573,2
67.jpg,17,201,226,239,2
68.jpg,15,20,380,140,2
69.jpg,441,26,560,339,2
70.jpg,526,43,585,300,2
