1.jpg,143,31,266,92,1
1.jpg,167,109,484,130,2
1.jpg,252,147,516,232,3
1.jpg,97,175,231,271,4
1.jpg,94,270,214,379,5
1.jpg,86,406,197,519,6
1.jpg,73,544,283,625,7
1.jpg,124,655,213,758,8
1.jpg,365,52,569,86,9
10.jpg,60,25,243,104,1
10.jpg,24,99,536,151,2
10.jpg,17,164,371,215,3
10.jpg,50,251,238,400,4
10.jpg,322,235,497,384,5
10.jpg,46,392,232,573,6
10.jpg,208,393,551,586,7
10.jpg,8,573,237,775,8
10.jpg,228,617,566,720,9
11.jpg,221,38,407,124,1
11.jpg,40,126,569,167,2
11.jpg,26,182,347,237,3
11.jpg,40,266,279,412,4
11.jpg,383,219,565,377,5
11.jpg,243,351,389,546,6
11.jpg,10,471,287,693,7
11.jpg,374,464,587,694,8
11.jpg,68,686,405,776,9
12.jpg,75,26,245,115,1
12.jpg,38,128,458,164,2
12.jpg,42,168,304,221,3
12.jpg,47,241,277,366,4
12.jpg,326,211,497,345,5
12.jpg,35,360,156,521,6
12.jpg,178,327,478,493,7
12.jpg,23,536,240,755,8
12.jpg,236,511,561,621,9
13.jpg,19,12,113,58,1
13.jpg,126,28,343,45,2
13.jpg,351,20,538,51,3
13.jpg,11,57,132,133,4
13.jpg,142,50,231,133,5
13.jpg,270,56,344,140,6
13.jpg,325,62,532,150,7
13.jpg,16,125,156,257,8
13.jpg,141,158,337,207,9
14.jpg,33,23,233,121,1
14.jpg,261,49,575,76,2
14.jpg,221,78,530,127,3
14.jpg,60,145,247,250,4
14.jpg,253,137,388,255,5
14.jpg,415,120,550,263,6
14.jpg,14,246,267,399,7
14.jpg,287,276,472,440,8
14.jpg,5,445,329,521,9
15.jpg,13,13,100,54,1
15.jpg,127,22,340,45,2
15.jpg,21,61,194,92,3
15.jpg,383,4,478,85,4
15.jpg,494,21,586,110,5
15.jpg,205,70,293,174,6
15.jpg,288,88,446,157,7
15.jpg,10,89,175,264,8
15.jpg,332,154,581,212,9
16.jpg,40,25,234,116,1
16.jpg,32,121,542,156,2
16.jpg,32,166,282,229,3
16.jpg,318,146,552,276,4
16.jpg,24,254,168,375,5
16.jpg,222,239,342,400,6
16.jpg,25,373,326,586,7
16.jpg,349,364,572,615,8
16.jpg,10,643,516,776,9
17.jpg,73,46,256,128,1
17.jpg,258,33,563,60,2
17.jpg,260,67,589,125,3
17.jpg,6,128,258,278,4
17.jpg,299,153,438,305,5
17.jpg,438,131,575,291,6
17.jpg,27,270,348,486,7
17.jpg,353,297,590,519,8
17.jpg,30,541,480,650,9
18.jpg,84,30,289,120,1
18.jpg,23,130,482,173,2
18.jpg,6,179,343,255,3
18.jpg,360,132,563,272,4
18.jpg,26,272,183,410,5
18.jpg,232,255,360,410,6
18.jpg,6,403,299,625,7
18.jpg,362,371,581,597,8
18.jpg,58,624,493,755,9
19.jpg,52,30,243,119,1
19.jpg,29,127,571,169,2
19.jpg,33,186,346,251,3
19.jpg,340,177,582,329,4
19.jpg,15,271,171,422,5
19.jpg,191,266,314,449,6
19.jpg,0,446,361,663,7
19.jpg,357,391,590,682,8
19.jpg,8,673,392,775,9
2 (1).jpg,26,18,255,140,1
2 (1).jpg,263,28,576,47,2
2 (1).jpg,260,61,584,114,3
2 (1).jpg,29,144,206,284,4
2 (1).jpg,229,143,384,286,5
2 (1).jpg,418,118,558,276,6
2 (1).jpg,5,267,290,458,7
2 (1).jpg,297,269,488,478,8
2 (1).jpg,44,453,333,548,9
2 (10).jpg,324,105,578,236,1
2 (10).jpg,309,264,576,295,2
2 (10).jpg,204,296,581,342,3
2 (10).jpg,291,355,505,478,4
2 (10).jpg,288,479,472,649,5
2 (10).jpg,384,577,564,776,6
2 (10).jpg,37,15,376,204,7
2 (10).jpg,34,175,195,391,8
2 (10).jpg,1,428,320,502,9
2 (11).jpg,378,69,511,273,1
2 (11).jpg,284,41,332,251,2
2 (11).jpg,225,45,289,279,3
2 (11).jpg,428,319,584,536,4
2 (11).jpg,371,592,555,773,5
2 (11).jpg,174,295,408,494,6
2 (11).jpg,204,512,384,767,7
2 (11).jpg,21,68,226,273,8
2 (11).jpg,76,508,161,772,9
2 (12).jpg,27,48,281,186,1
2 (12).jpg,32,201,289,243,2
2 (12).jpg,318,164,541,234,3
2 (12).jpg,31,258,199,376,4
2 (12).jpg,316,273,507,426,5
2 (12).jpg,66,372,242,570,6
2 (12).jpg,306,419,570,596,7
2 (12).jpg,104,573,246,769,8
2 (12).jpg,253,630,549,717,9
2 (13).jpg,441,68,537,211,1
2 (13).jpg,471,248,509,541,2
2 (13).jpg,426,254,474,517,3
2 (13).jpg,298,35,420,214,4
2 (13).jpg,345,580,534,758,5
2 (13).jpg,76,65,286,223,6
2 (13).jpg,257,240,447,561,7
2 (13).jpg,126,219,303,357,8
2 (13).jpg,205,419,267,702,9
2 (14).jpg,36,28,191,111,1
2 (14).jpg,203,43,558,67,2
2 (14).jpg,178,87,501,142,3
2 (14).jpg,22,119,168,260,4
2 (14).jpg,218,166,345,286,5
2 (14).jpg,407,100,560,278,6
2 (14).jpg,8,233,300,449,7
2 (14).jpg,302,257,485,467,8
2 (14).jpg,12,426,326,530,9
2 (15).jpg,10,8,116,61,1
2 (15).jpg,134,19,419,38,2
2 (15).jpg,112,48,369,85,3
2 (15).jpg,408,16,567,146,4
2 (15).jpg,19,109,156,218,5
2 (15).jpg,179,82,312,211,6
2 (15).jpg,11,206,309,387,7
2 (15).jpg,315,148,492,377,8
2 (15).jpg,59,373,357,461,9
2 (16).jpg,26,20,130,85,1
2 (16).jpg,150,39,489,56,2
2 (16).jpg,152,79,464,121,3
2 (16).jpg,34,140,182,276,4
2 (16).jpg,204,146,370,286,5
2 (16).jpg,411,100,539,284,6
2 (16).jpg,10,263,298,462,7
2 (16).jpg,292,272,504,465,7
2 (16).jpg,47,467,403,567,9
2 (17).jpg,26,32,170,107,1
2 (17).jpg,190,56,575,93,2
2 (17).jpg,24,130,368,183,3
2 (17).jpg,47,207,210,340,4
2 (17).jpg,231,197,378,334,5
2 (17).jpg,392,117,527,287,6
2 (17).jpg,10,290,338,480,7
2 (17).jpg,325,288,567,537,8
2 (17).jpg,10,494,335,584,9
2 (18).jpg,40,22,130,106,1
2 (18).jpg,245,29,338,43,2
2 (18).jpg,13,108,184,135,3
2 (18).jpg,298,91,397,140,4
2 (18).jpg,33,159,120,259,5
2 (18).jpg,273,158,350,238,6
2 (18).jpg,11,247,250,376,7
2 (18).jpg,272,272,391,400,8
2 (18).jpg,7,390,183,450,9
2 (19).jpg,216,39,339,102,1
2 (19).jpg,150,122,461,200,2
2 (19).jpg,46,163,333,296,3
2 (19).jpg,395,324,548,420,4
2 (19).jpg,125,387,252,489,5
2 (19).jpg,119,476,334,683,6
2 (19).jpg,34,682,273,776,7
2 (19).jpg,334,596,506,729,8
2 (19).jpg,363,458,559,514,9
2 (2).jpg,6,7,98,57,1
2 (2).jpg,106,19,386,31,2
2 (2).jpg,102,38,362,77,3
2 (2).jpg,411,9,588,128,4
2 (2).jpg,17,81,141,175,5
2 (2).jpg,146,79,262,197,6
2 (2).jpg,243,82,480,225,7
2 (2).jpg,6,172,156,416,8
2 (2).jpg,137,218,487,330,9
2 (20).jpg,43,28,201,117,1
2 (20).jpg,242,16,570,82,2
2 (20).jpg,241,84,548,151,3
2 (20).jpg,7,167,147,250,4
2 (20).jpg,212,169,348,285,5
2 (20).jpg,429,157,573,272,6
2 (20).jpg,5,296,229,391,7
2 (20).jpg,260,302,372,411,8
2 (20).jpg,398,338,582,399,9
2 (21).jpg,47,40,261,137,1
2 (21).jpg,232,47,590,61,2
2 (21).jpg,258,89,536,143,3
2 (21).jpg,58,132,235,276,4
2 (21).jpg,255,152,402,281,5
2 (21).jpg,405,130,564,308,6
2 (21).jpg,10,262,320,456,7
2 (21).jpg,320,297,530,507,8
2 (21).jpg,32,434,320,539,9
2 (22).jpg,8,25,96,81,1
2 (22).jpg,122,16,364,42,2
2 (22).jpg,104,44,373,87,3
2 (22).jpg,382,7,578,116,4
2 (22).jpg,20,89,145,188,5
2 (22).jpg,172,91,280,221,6
2 (22).jpg,273,90,515,252,7
2 (22).jpg,5,184,200,426,8
2 (22).jpg,208,236,523,345,9
2 (23).jpg,110,25,255,108,1
2 (23).jpg,25,110,573,142,2
2 (23).jpg,27,150,375,214,3
2 (23).jpg,21,231,207,342,4
2 (23).jpg,227,226,377,362,5
2 (23).jpg,405,164,563,337,6
2 (23).jpg,33,330,393,535,7
2 (23).jpg,19,526,276,774,8
2 (23).jpg,204,528,562,630,9
2 (24).jpg,19,26,140,94,1
2 (24).jpg,154,21,508,45,2
2 (24).jpg,124,51,552,122,3
2 (24).jpg,8,128,269,276,4
2 (24).jpg,318,130,527,291,5
2 (24).jpg,177,226,337,434,6
2 (24).jpg,313,271,591,506,7
2 (24).jpg,0,423,275,772,8
2 (24).jpg,266,549,597,652,9
2 (25).jpg,6,16,112,75,1
2 (25).jpg,142,25,419,43,2
2 (25).jpg,114,41,328,78,3
2 (25).jpg,433,31,544,122,4
2 (25).jpg,22,84,111,165,5
2 (25).jpg,126,80,240,208,6
2 (25).jpg,225,57,431,218,7
2 (25).jpg,300,124,499,311,8
2 (25).jpg,24,198,298,299,9
2 (26).jpg,144,51,301,120,1
2 (26).jpg,30,133,574,157,2
2 (26).jpg,29,181,299,237,3
2 (26).jpg,345,187,570,283,4
2 (26).jpg,14,248,142,358,5
2 (26).jpg,175,256,291,377,6
2 (26).jpg,305,284,574,443,7
2 (26).jpg,19,386,252,669,8
2 (26).jpg,254,487,586,592,9
2 (27).jpg,189,21,393,123,1
2 (27).jpg,16,136,536,158,2
2 (27).jpg,17,182,447,240,3
2 (27).jpg,66,249,278,346,4
2 (27).jpg,356,253,511,379,5
2 (27).jpg,45,363,179,497,6
2 (27).jpg,186,345,500,531,7
2 (27).jpg,9,541,260,776,8
2 (27).jpg,230,564,563,662,9
2 (28).jpg,71,36,250,119,1
2 (28).jpg,28,136,553,165,2
2 (28).jpg,19,178,347,242,3
2 (28).jpg,365,199,596,350,4
2 (28).jpg,20,264,173,437,5
2 (28).jpg,208,263,347,455,6
2 (28).jpg,0,437,258,640,7
2 (28).jpg,275,387,591,660,8
2 (28).jpg,131,656,512,760,9
2 (29).jpg,138,39,304,111,1
2 (29).jpg,20,111,481,133,2
2 (29).jpg,13,143,310,192,3
2 (29).jpg,358,128,595,273,4
2 (29).jpg,24,209,151,317,5
2 (29).jpg,191,205,298,343,6
2 (29).jpg,1,311,300,545,7
2 (29).jpg,299,299,600,570,8
2 (29).jpg,16,586,490,705,9
2 (3).jpg,18,40,218,140,1
2 (3).jpg,220,68,541,89,2
2 (3).jpg,209,98,534,158,3
2 (3).jpg,26,145,216,306,4
2 (3).jpg,240,176,400,315,5
2 (3).jpg,404,155,558,307,6
2 (3).jpg,6,290,285,484,7
2 (3).jpg,269,300,493,489,8
2 (3).jpg,4,468,316,577,9
2 (30).jpg,81,26,322,143,1
2 (30).jpg,43,162,560,190,2
2 (30).jpg,14,206,444,286,3
2 (30).jpg,30,325,238,425,4
2 (30).jpg,362,304,523,442,5
2 (30).jpg,37,437,178,603,6
2 (30).jpg,203,443,515,620,7
2 (30).jpg,40,609,255,776,8
2 (30).jpg,243,644,583,746,9
2 (31).jpg,369,56,528,138,1
2 (31).jpg,78,82,365,122,2
2 (31).jpg,187,140,497,196,3
2 (31).jpg,349,215,536,313,4
2 (31).jpg,146,280,315,424,5
2 (31).jpg,319,341,508,559,6
2 (31).jpg,85,425,320,568,7
2 (31).jpg,352,567,471,717,8
2 (31).jpg,62,604,336,680,9
2 (32).jpg,79,45,290,141,1
2 (32).jpg,17,229,195,256,2
2 (32).jpg,276,205,504,243,3
2 (32).jpg,23,299,195,474,4
2 (32).jpg,309,347,495,504,5
2 (32).jpg,31,459,178,627,6
2 (32).jpg,258,507,540,656,7
2 (32).jpg,33,643,171,776,8
2 (32).jpg,256,695,479,762,9
2 (33).jpg,12,31,228,142,1
2 (33).jpg,21,138,400,194,2
2 (33).jpg,28,190,349,259,3
2 (33).jpg,394,143,565,293,4
2 (33).jpg,38,280,188,436,5
2 (33).jpg,264,229,392,396,6
2 (33).jpg,23,401,326,618,7
2 (33).jpg,290,395,553,672,8
2 (33).jpg,64,682,411,776,9
2 (34).jpg,26,37,131,83,1
2 (34).jpg,151,39,513,57,2
2 (34).jpg,8,65,281,123,3
2 (34).jpg,364,64,540,168,4
2 (34).jpg,16,134,112,249,5
2 (34).jpg,131,117,264,236,6
2 (34).jpg,229,127,441,258,7
2 (34).jpg,0,224,172,372,8
2 (34).jpg,214,226,506,326,9
2 (36).jpg,21,14,239,129,1
2 (36).jpg,254,19,542,36,2
2 (36).jpg,227,51,579,115,3
2 (36).jpg,0,140,197,310,4
2 (36).jpg,362,121,580,328,5
2 (36).jpg,160,147,325,394,6
2 (36).jpg,10,361,342,629,7
2 (36).jpg,318,349,540,645,8
2 (36).jpg,57,665,478,775,9
2 (37).jpg,28,25,173,92,1
2 (37).jpg,213,9,591,47,2
2 (37).jpg,11,96,314,158,3
2 (37).jpg,387,54,565,160,4
2 (37).jpg,51,179,222,337,5
2 (37).jpg,284,129,422,338,6
2 (37).jpg,32,311,353,536,7
2 (37).jpg,247,409,480,669,8
2 (37).jpg,75,681,491,776,9
2 (38).jpg,18,35,170,102,1
2 (38).jpg,181,58,418,78,2
2 (38).jpg,9,106,305,150,3
2 (38).jpg,29,160,192,273,4
2 (38).jpg,323,122,435,228,5
2 (38).jpg,423,107,535,292,6
2 (38).jpg,89,195,368,348,7
2 (38).jpg,2,346,204,557,8
2 (38).jpg,163,318,456,420,9
2 (39).jpg,97,58,320,156,1
2 (39).jpg,37,163,589,189,2
2 (39).jpg,15,195,333,254,3
2 (39).jpg,373,197,568,314,4
2 (39).jpg,40,263,186,409,5
2 (39).jpg,206,270,342,432,6
2 (39).jpg,301,323,577,493,7
2 (39).jpg,7,405,268,645,8
2 (39).jpg,269,486,585,598,9
2 (4).jpg,40,22,181,98,1
2 (4).jpg,214,27,496,45,2
2 (4).jpg,200,46,483,90,3
2 (4).jpg,49,112,186,224,4
2 (4).jpg,204,107,346,230,5
2 (4).jpg,386,80,517,230,6
2 (4).jpg,1,236,296,410,7
2 (4).jpg,297,236,499,445,8
2 (4).jpg,29,392,320,482,9
2 (40).jpg,19,44,250,152,1
2 (40).jpg,230,35,589,56,2
2 (40).jpg,249,64,554,131,3
2 (40).jpg,13,151,225,302,4
2 (40).jpg,282,157,488,293,5
2 (40).jpg,31,250,262,491,6
2 (40).jpg,208,268,555,507,7
2 (40).jpg,14,498,243,765,8
2 (40).jpg,222,524,577,639,9
2 (5).jpg,29,39,172,118,1
2 (5).jpg,141,25,563,39,2
2 (5).jpg,185,48,477,102,3
2 (5).jpg,19,120,180,251,4
2 (5).jpg,189,118,317,245,5
2 (5).jpg,320,89,452,236,6
2 (5).jpg,16,221,274,362,7
2 (5).jpg,361,193,557,374,8
2 (5).jpg,93,348,373,416,9
2 (6).jpg,19,21,146,87,1
2 (6).jpg,19,79,436,121,2
2 (6).jpg,3,124,290,189,3
2 (6).jpg,389,88,584,215,4
2 (6).jpg,33,218,192,358,5
2 (6).jpg,233,147,370,355,6
2 (6).jpg,353,228,579,370,7
2 (6).jpg,35,321,234,518,8
2 (6).jpg,235,373,538,463,9
2 (7).jpg,37,40,188,111,1
2 (7).jpg,200,38,521,64,2
2 (7).jpg,176,77,504,128,3
2 (7).jpg,38,138,174,262,4
2 (7).jpg,203,149,336,260,5
2 (7).jpg,373,124,520,277,6
2 (7).jpg,0,268,299,450,7
2 (7).jpg,313,274,513,452,8
2 (7).jpg,32,440,373,520,9
2 (8).jpg,32,43,164,120,1
2 (8).jpg,173,65,382,81,2
2 (8).jpg,161,82,489,137,3
2 (8).jpg,9,128,172,242,4
2 (8).jpg,211,148,354,279,5
2 (8).jpg,395,62,545,238,6
2 (8).jpg,4,240,316,421,7
2 (8).jpg,304,243,501,434,8
2 (8).jpg,30,407,330,489,9
2 (9).jpg,61,123,184,244,1
2 (9).jpg,260,128,502,172,2
2 (9).jpg,276,171,519,238,3
2 (9).jpg,125,250,280,362,4
2 (9).jpg,288,326,468,461,5
2 (9).jpg,118,419,229,585,6
2 (9).jpg,326,216,506,312,7
2 (9).jpg,301,460,473,618,8
2.jpg,113,35,292,122,1
2.jpg,23,138,572,162,2
2.jpg,40,165,451,226,3
2.jpg,74,254,310,397,4
2.jpg,373,251,548,401,5
2.jpg,21,386,116,542,6
2.jpg,142,380,452,563,7
2.jpg,27,578,226,772,8
2.jpg,190,573,535,675,9
20.jpg,29,39,133,98,1
20.jpg,144,49,481,81,2
20.jpg,23,122,480,178,3
20.jpg,32,200,179,342,4
20.jpg,220,197,380,356,5
20.jpg,415,154,553,342,6
20.jpg,8,351,326,530,7
20.jpg,327,323,533,546,8
20.jpg,48,522,358,621,9
21.jpg,251,33,370,87,1
21.jpg,37,100,515,122,2
21.jpg,12,134,302,181,3
21.jpg,363,127,547,244,4
21.jpg,23,220,147,321,5
21.jpg,182,207,301,328,6
21.jpg,277,248,554,356,7
21.jpg,0,321,166,520,8
21.jpg,167,363,456,431,9
22.jpg,56,27,247,118,1
22.jpg,29,120,546,163,2
22.jpg,27,177,443,235,3
22.jpg,54,255,298,391,4
22.jpg,354,253,519,393,5
22.jpg,37,367,138,527,6
22.jpg,162,372,442,568,7
22.jpg,5,552,215,776,8
22.jpg,204,573,574,701,9
23.jpg,57,39,281,137,1
23.jpg,22,149,577,177,2
23.jpg,22,196,484,275,3
23.jpg,55,302,270,462,4
23.jpg,305,302,510,468,5
23.jpg,21,449,155,631,6
23.jpg,10,639,287,773,7
23.jpg,244,474,458,671,8
23.jpg,295,688,583,775,9
24.jpg,370,22,555,112,1
24.jpg,445,123,600,174,2
24.jpg,437,159,594,236,3
24.jpg,189,34,320,114,4
24.jpg,287,147,389,238,5
24.jpg,74,174,184,345,6
24.jpg,239,254,484,380,7
24.jpg,394,346,552,531,8
24.jpg,137,402,361,465,9
25.jpg,237,86,482,242,1
25.jpg,32,242,255,286,2
25.jpg,276,246,535,317,3
25.jpg,41,322,201,445,4
25.jpg,339,342,492,491,5
25.jpg,55,443,256,624,6
25.jpg,266,411,600,655,7
25.jpg,30,593,221,770,8
25.jpg,277,659,578,743,9
26.jpg,330,39,524,149,1
26.jpg,28,190,288,217,2
26.jpg,364,201,593,295,3
26.jpg,23,303,218,418,4
26.jpg,402,392,531,514,5
26.jpg,59,408,199,551,6
26.jpg,296,544,512,661,7
26.jpg,47,589,260,776,8
26.jpg,278,670,582,764,9
27.jpg,244,17,498,144,1
27.jpg,40,185,267,220,2
27.jpg,287,187,443,225,3
27.jpg,24,275,207,401,4
27.jpg,307,294,479,454,5
27.jpg,89,431,232,591,6
27.jpg,248,457,532,607,7
27.jpg,45,609,170,776,8
27.jpg,243,665,456,728,9
28.jpg,171,259,396,387,1
28.jpg,132,401,402,428,2
28.jpg,124,424,326,472,3
28.jpg,150,455,250,545,4
28.jpg,120,538,334,758,5
28.jpg,342,547,503,763,6
28.jpg,364,415,576,553,7
28.jpg,413,226,538,362,8
28.jpg,317,141,550,201,9
29.jpg,36,10,224,87,1
29.jpg,257,40,400,59,2
29.jpg,69,108,275,149,3
29.jpg,314,69,435,157,4
29.jpg,60,165,226,337,5
29.jpg,307,150,439,311,6
29.jpg,18,340,262,458,7
29.jpg,238,361,425,553,8
29.jpg,25,555,377,635,9
3 (1).jpg,218,16,394,94,1
3 (1).jpg,14,88,502,121,2
3 (1).jpg,16,135,481,204,2
3 (1).jpg,17,94,499,121,2
3 (1).jpg,17,139,479,202,3
3 (1).jpg,48,227,254,351,4
3 (1).jpg,300,228,437,347,5
3 (1).jpg,377,254,535,457,6
3 (1).jpg,15,358,292,531,7
3 (1).jpg,3,513,230,776,8
3 (1).jpg,218,503,577,647,9
3 (10).jpg,14,19,133,81,1
3 (10).jpg,16,88,221,102,2
3 (10).jpg,9,110,220,145,3
3 (10).jpg,0,160,149,244,4
3 (10).jpg,24,248,142,366,5
3 (10).jpg,24,324,166,477,6
3 (10).jpg,5,418,284,598,7
3 (10).jpg,14,539,204,772,8
3 (10).jpg,187,673,501,776,9
3 (11).jpg,31,24,182,109,1
3 (11).jpg,202,42,574,66,2
3 (11).jpg,36,122,461,185,3
3 (11).jpg,36,204,264,361,4
3 (11).jpg,302,203,493,376,5
3 (11).jpg,423,246,561,456,6
3 (11).jpg,14,367,324,546,7
3 (11).jpg,34,519,274,776,8
3 (11).jpg,224,534,585,636,9
3 (12).jpg,295,36,495,121,1
3 (12).jpg,22,112,552,138,1
3 (12).jpg,19,161,469,231,3
3 (12).jpg,55,263,238,385,4
3 (12).jpg,271,253,436,422,5
3 (12).jpg,443,219,568,420,6
3 (12).jpg,11,385,299,593,7
3 (12).jpg,267,427,531,686,8
3 (12).jpg,45,690,433,776,9
3 (13).jpg,93,41,304,135,1
3 (13).jpg,27,152,527,184,2
3 (13).jpg,21,197,380,264,3
3 (13).jpg,60,295,266,425,4
3 (13).jpg,404,249,578,418,5
3 (13).jpg,275,307,382,489,6
3 (13).jpg,24,443,358,677,7
3 (13).jpg,340,430,558,708,8
3 (13).jpg,16,687,360,776,9
3 (14).jpg,58,39,275,140,1
3 (14).jpg,49,151,568,191,2
3 (14).jpg,0,207,370,286,3
3 (14).jpg,23,302,234,438,4
3 (14).jpg,248,298,396,447,5
3 (14).jpg,399,226,551,420,6
3 (14).jpg,128,412,475,646,7
3 (14).jpg,330,529,569,776,8
3 (14).jpg,13,666,343,776,9
3 (15).jpg,24,36,218,126,1
3 (15).jpg,257,48,582,96,2
3 (15).jpg,44,129,404,215,3
3 (15).jpg,23,233,220,394,4
3 (15).jpg,281,224,438,375,5
3 (15).jpg,38,385,213,597,6
3 (15).jpg,234,392,594,592,7
3 (15).jpg,15,577,209,776,8
3 (15).jpg,208,618,575,720,9
3 (16).jpg,29,34,199,127,1
3 (16).jpg,238,50,579,80,2
3 (16).jpg,205,100,533,151,3
3 (16).jpg,26,165,212,315,4
3 (16).jpg,300,154,470,297,5
3 (16).jpg,47,277,241,507,6
3 (16).jpg,235,304,550,473,7
3 (16).jpg,0,528,234,774,8
3 (16).jpg,221,543,572,650,9
3 (17).jpg,37,50,191,117,1
3 (17).jpg,85,126,404,159,2
3 (17).jpg,77,180,432,224,3
3 (17).jpg,62,277,219,390,4
3 (17).jpg,304,267,480,396,5
3 (17).jpg,34,395,189,563,6
3 (17).jpg,214,383,569,561,7
3 (17).jpg,9,568,217,776,8
3 (17).jpg,254,603,558,706,9
3 (2).jpg,33,32,208,131,1
3 (2).jpg,229,63,585,90,2
3 (2).jpg,31,132,518,200,3
3 (2).jpg,39,225,237,348,4
3 (2).jpg,290,211,432,343,5
3 (2).jpg,430,177,575,346,6
3 (2).jpg,0,345,325,477,7
3 (2).jpg,328,342,519,500,8
3 (2).jpg,72,473,328,549,9
3 (3).jpg,24,23,130,78,1
3 (3).jpg,162,30,524,58,2
3 (3).jpg,27,78,430,145,3
3 (3).jpg,43,163,222,239,4
3 (3).jpg,443,76,593,232,5
3 (3).jpg,231,147,391,310,6
3 (3).jpg,293,251,584,409,7
3 (3).jpg,3,276,190,508,8
3 (3).jpg,230,401,556,493,9
3 (4).jpg,76,18,214,221,1
3 (4).jpg,275,40,291,288,2
3 (4).jpg,324,15,458,227,3
3 (4).jpg,115,628,351,774,4
3 (4).jpg,114,401,278,588,5
3 (4).jpg,84,247,258,448,6
3 (4).jpg,281,424,493,765,7
3 (4).jpg,339,321,531,470,8
3 (4).jpg,454,66,548,324,9
3 (5).jpg,152,199,302,283,1
3 (5).jpg,134,348,308,368,2
3 (5).jpg,117,402,523,448,3
3 (5).jpg,132,467,263,545,4
3 (5).jpg,141,552,274,659,5
3 (5).jpg,175,669,319,776,6
3 (5).jpg,346,180,539,337,7
3 (5).jpg,366,457,477,581,8
3 (5).jpg,322,598,481,648,9
3 (6).jpg,246,2,399,231,1
3 (6).jpg,69,442,115,765,2
3 (6).jpg,5,160,104,377,3
3 (6).jpg,437,11,543,147,4
3 (6).jpg,367,176,566,326,5
3 (6).jpg,330,270,502,574,6
3 (6).jpg,92,163,211,667,7
3 (6).jpg,175,566,408,754,8
3 (6).jpg,237,225,306,563,9
3 (7).jpg,176,23,331,249,1
3 (7).jpg,288,531,313,764,2
3 (7).jpg,327,587,386,765,3
3 (7).jpg,392,639,508,748,4
3 (7).jpg,377,393,531,561,5
3 (7).jpg,374,223,536,341,6
3 (7).jpg,371,10,565,224,7
3 (7).jpg,6,507,191,651,8
3 (7).jpg,67,181,154,429,9
3 (8).jpg,112,241,382,390,1
3 (8).jpg,100,57,365,84,2
3 (8).jpg,97,125,328,168,3
3 (8).jpg,104,429,269,519,4
3 (8).jpg,91,515,214,618,5
3 (8).jpg,323,485,445,613,6
3 (8).jpg,29,623,240,734,7
3 (8).jpg,325,633,419,738,8
3 (8).jpg,322,174,520,225,9
3 (9).jpg,156,29,324,113,1
3 (9).jpg,17,106,546,136,2
3 (9).jpg,23,151,380,218,3
3 (9).jpg,29,248,237,363,4
3 (9).jpg,258,235,408,375,5
3 (9).jpg,410,187,562,364,6
3 (9).jpg,3,370,287,562,7
3 (9).jpg,307,381,553,599,8
3 (9).jpg,31,605,356,687,9
3.jpg,206,15,374,92,1
3.jpg,61,103,511,126,2
3.jpg,65,184,546,241,3
3.jpg,125,270,403,392,4
3.jpg,150,401,312,515,5
3.jpg,67,485,185,594,6
3.jpg,188,516,564,674,7
3.jpg,17,609,178,776,8
3.jpg,237,677,541,772,9
30.jpg,302,35,431,93,1
30.jpg,68,170,268,207,2
30.jpg,314,184,566,235,3
30.jpg,51,214,274,327,4
30.jpg,343,234,495,389,5
30.jpg,45,320,179,465,6
30.jpg,296,322,574,543,7
30.jpg,0,526,159,658,8
30.jpg,267,553,561,634,9
31.jpg,185,107,445,232,1
31.jpg,165,318,409,343,2
31.jpg,141,366,412,406,3
31.jpg,137,408,408,545,4
31.jpg,128,564,293,715,5
31.jpg,18,27,178,210,6
31.jpg,8,234,358,314,7
31.jpg,425,213,600,347,8
31.jpg,252,626,549,697,9
32.jpg,263,239,413,484,1
32.jpg,165,112,190,382,2
32.jpg,187,439,231,713,3
32.jpg,12,84,131,210,4
32.jpg,0,297,156,464,5
32.jpg,0,483,147,641,6
32.jpg,373,3,544,328,7
32.jpg,313,501,507,639,8
32.jpg,502,318,569,593,9
33.jpg,193,32,423,131,1
33.jpg,20,137,427,161,2
33.jpg,32,167,302,222,3
33.jpg,379,134,597,273,4
33.jpg,230,273,390,418,5
33.jpg,33,246,210,417,6
33.jpg,242,375,580,561,7
33.jpg,9,481,247,760,8
33.jpg,237,580,589,684,9
34.jpg,37,24,215,109,1
34.jpg,235,33,595,80,2
34.jpg,23,115,391,185,3
34.jpg,44,199,256,346,4
34.jpg,295,198,462,340,5
34.jpg,415,207,569,429,6
34.jpg,17,355,357,574,7
34.jpg,26,520,273,776,8
34.jpg,250,548,583,649,9
35.jpg,339,22,539,117,1
35.jpg,18,103,366,115,2
35.jpg,23,140,328,201,3
35.jpg,373,109,585,254,4
35.jpg,236,216,369,347,5
35.jpg,17,206,199,375,6
35.jpg,12,452,297,776,7
35.jpg,0,469,303,759,8
35.jpg,240,520,568,600,9
36.jpg,213,391,313,555,1
36.jpg,352,336,409,724,2
36.jpg,329,96,365,314,3
36.jpg,219,146,318,322,4
36.jpg,396,113,533,284,5
36.jpg,396,460,561,593,6
36.jpg,118,194,271,361,7
36.jpg,116,558,270,691,8
36.jpg,94,296,169,547,9
37.jpg,29,67,253,186,1
37.jpg,277,105,569,140,2
37.jpg,7,179,239,261,3
37.jpg,242,170,349,236,4
37.jpg,406,131,544,287,5
37.jpg,23,231,161,358,6
37.jpg,146,240,425,370,7
37.jpg,5,346,108,478,8
37.jpg,113,375,336,429,9
38.jpg,72,83,234,151,1
38.jpg,257,112,426,123,2
38.jpg,435,68,575,99,3
38.jpg,95,155,195,225,4
38.jpg,237,150,334,250,5
38.jpg,372,117,465,225,6
38.jpg,68,234,222,311,7
38.jpg,258,209,366,315,8
38.jpg,393,237,553,295,9
39.jpg,122,96,221,155,1
39.jpg,90,185,269,209,2
39.jpg,289,211,472,280,3
39.jpg,52,268,186,327,4
39.jpg,58,349,163,438,5
39.jpg,167,339,248,439,6
39.jpg,266,347,454,445,7
39.jpg,52,440,104,554,8
39.jpg,184,485,333,545,9
4 (1).jpg,76,27,222,102,1
4 (1).jpg,55,131,245,147,2
4 (1).jpg,58,158,223,198,3
4 (1).jpg,31,219,163,296,3
4 (1).jpg,76,322,193,434,4
4 (1).jpg,41,432,151,569,6
4 (1).jpg,38,549,246,691,7
4 (1).jpg,227,419,334,518,8
4 (1).jpg,299,541,467,585,9
4 (10).jpg,280,29,437,97,1
4 (10).jpg,19,18,305,33,2
4 (10).jpg,19,50,255,93,3
4 (10).jpg,188,117,380,216,4
4 (10).jpg,447,125,581,260,5
4 (10).jpg,30,193,143,331,6
4 (10).jpg,149,236,432,384,7
4 (10).jpg,3,405,218,611,8
4 (10).jpg,218,429,545,531,9
4 (11).jpg,27,13,204,99,1
4 (11).jpg,287,81,576,95,2
4 (11).jpg,3,106,261,158,3
4 (11).jpg,375,121,546,212,4
4 (11).jpg,26,196,161,321,5
4 (11).jpg,217,175,330,311,6
4 (11).jpg,20,308,279,486,7
4 (11).jpg,354,276,560,467,8
4 (11).jpg,93,489,497,614,9
4 (12).jpg,147,21,337,115,1
4 (12).jpg,15,125,399,157,2
4 (12).jpg,18,172,367,227,3
4 (12).jpg,41,261,220,382,4
4 (12).jpg,299,258,437,386,5
4 (12).jpg,445,164,577,337,6
4 (12).jpg,10,386,258,598,7
4 (12).jpg,257,396,562,644,8
4 (12).jpg,48,677,478,776,9
4 (13).jpg,130,44,291,118,1
4 (13).jpg,25,103,572,157,2
4 (13).jpg,27,158,402,221,3
4 (13).jpg,92,226,266,298,4
4 (13).jpg,324,210,454,317,5
4 (13).jpg,60,311,175,450,6
4 (13).jpg,195,316,510,513,7
4 (13).jpg,6,519,250,769,8
4 (13).jpg,234,566,556,668,9
4 (14).jpg,200,19,389,120,1
4 (14).jpg,23,126,586,154,2
4 (14).jpg,23,169,387,213,3
4 (14).jpg,407,196,581,285,4
4 (14).jpg,12,248,160,395,5
4 (14).jpg,255,257,351,402,6
4 (14).jpg,9,382,264,593,7
4 (14).jpg,339,382,578,644,8
4 (14).jpg,85,656,504,758,9
4 (15).jpg,12,23,202,117,1
4 (15).jpg,215,71,579,107,2
4 (15).jpg,0,133,286,197,3
4 (15).jpg,394,110,557,213,4
4 (15).jpg,33,217,163,337,5
4 (15).jpg,214,182,330,315,6
4 (15).jpg,324,221,579,408,7
4 (15).jpg,10,369,260,618,8
4 (15).jpg,255,430,593,534,9
4 (16).jpg,205,40,372,111,1
4 (16).jpg,30,113,580,152,2
4 (16).jpg,175,149,579,263,3
4 (16).jpg,36,286,257,397,4
4 (16).jpg,372,281,524,421,5
4 (16).jpg,46,400,154,551,6
4 (16).jpg,178,367,499,580,7
4 (16).jpg,30,576,256,773,8
4 (16).jpg,210,586,523,663,9
4 (17).jpg,271,18,458,112,1
4 (17).jpg,25,124,444,152,2
4 (17).jpg,18,165,398,221,3
4 (17).jpg,34,261,215,355,4
4 (17).jpg,256,247,405,390,5
4 (17).jpg,46,386,200,561,6
4 (17).jpg,194,379,510,591,7
4 (17).jpg,28,584,265,772,8
4 (17).jpg,245,606,581,702,9
4 (18).jpg,58,23,210,111,1
4 (18).jpg,209,75,537,101,2
4 (18).jpg,19,116,367,175,3
4 (18).jpg,386,146,579,254,4
4 (18).jpg,20,203,169,345,5
4 (18).jpg,195,203,318,343,6
4 (18).jpg,270,267,581,461,7
4 (18).jpg,8,368,241,635,8
4 (18).jpg,257,498,580,594,9
4 (19).jpg,17,11,192,98,1
4 (19).jpg,247,37,590,72,2
4 (19).jpg,204,77,493,120,3
4 (19).jpg,53,115,223,206,4
4 (19).jpg,250,126,381,255,5
4 (19).jpg,439,118,584,247,6
4 (19).jpg,0,230,257,417,7
4 (19).jpg,297,263,498,461,8
4 (19).jpg,32,428,322,519,9
4 (2).jpg,16,8,240,128,1
4 (2).jpg,23,170,228,207,2
4 (2).jpg,269,170,439,228,3
4 (2).jpg,21,239,124,316,4
4 (2).jpg,251,252,453,404,5
4 (2).jpg,23,351,135,480,6
4 (2).jpg,239,396,534,525,7
4 (2).jpg,39,544,182,753,8
4 (2).jpg,241,577,545,635,9
4 (20).jpg,83,35,228,102,1
4 (20).jpg,257,37,577,106,2
4 (20).jpg,180,119,485,192,3
4 (20).jpg,39,244,243,348,4
4 (20).jpg,387,303,532,457,5
4 (20).jpg,72,405,237,535,6
4 (20).jpg,256,520,512,633,7
4 (20).jpg,52,566,167,735,8
4 (20).jpg,286,669,512,757,9
4 (3).jpg,308,540,466,638,1
4 (3).jpg,50,19,540,63,2
4 (3).jpg,59,49,322,106,3
4 (3).jpg,138,121,338,222,4
4 (3).jpg,360,211,521,375,5
4 (3).jpg,270,300,407,478,6
4 (3).jpg,276,647,536,776,7
4 (3).jpg,81,503,251,705,8
4 (3).jpg,2,234,375,331,9
4 (4).jpg,68,646,229,729,1
4 (4).jpg,8,168,98,721,2
4 (4).jpg,33,243,138,633,3
4 (4).jpg,251,556,439,773,4
4 (4).jpg,119,187,385,394,5
4 (4).jpg,340,402,526,568,6
4 (4).jpg,142,394,311,661,7
4 (4).jpg,256,160,468,323,8
4 (4).jpg,16,0,266,66,9
4 (5).jpg,204,14,377,91,1
4 (5).jpg,19,96,563,117,2
4 (5).jpg,12,125,347,184,3
4 (5).jpg,416,121,594,212,4
4 (5).jpg,19,199,147,318,5
4 (5).jpg,189,198,323,327,6
4 (5).jpg,302,207,583,398,7
4 (5).jpg,42,378,290,630,8
4 (5).jpg,300,450,599,540,9
4 (6).jpg,469,25,591,177,1
4 (6).jpg,516,187,574,488,2
4 (6).jpg,487,499,562,776,3
4 (6).jpg,352,23,472,207,4
4 (6).jpg,348,232,522,454,5
4 (6).jpg,324,475,509,679,6
4 (6).jpg,245,11,349,217,7
4 (6).jpg,177,219,315,369,8
4 (6).jpg,222,422,280,702,9
4 (7).jpg,41,38,199,116,1
4 (7).jpg,232,34,568,73,2
4 (7).jpg,207,64,532,141,3
4 (7).jpg,42,149,221,249,4
4 (7).jpg,253,153,400,285,5
4 (7).jpg,434,138,562,280,6
4 (7).jpg,9,266,282,480,7
4 (7).jpg,266,299,515,548,8
4 (7).jpg,36,566,425,693,9
4 (8).jpg,19,19,174,95,1
4 (8).jpg,189,40,530,84,2
4 (8).jpg,25,102,382,164,3
4 (8).jpg,21,205,231,314,4
4 (8).jpg,267,181,405,313,5
4 (8).jpg,424,157,567,328,6
4 (8).jpg,10,308,327,512,7
4 (8).jpg,344,346,566,581,8
4 (8).jpg,88,604,522,744,9
4 (9).jpg,165,18,338,112,1
4 (9).jpg,12,133,381,158,2
4 (9).jpg,24,164,415,224,3
4 (9).jpg,40,250,243,358,4
4 (9).jpg,283,263,439,395,5
4 (9).jpg,474,204,600,363,6
4 (9).jpg,5,376,307,590,7
4 (9).jpg,297,426,563,687,8
4 (9).jpg,93,671,483,775,9
4.jpg,241,39,378,99,1
4.jpg,9,102,254,127,2
4.jpg,289,109,588,144,3
4.jpg,12,152,164,273,4
4.jpg,203,159,325,289,5
4.jpg,409,150,552,283,6
4.jpg,2,257,253,416,7
4.jpg,243,238,432,426,8
4.jpg,51,454,378,515,9
40.jpg,153,179,290,254,1
40.jpg,366,208,517,236,2
40.jpg,94,287,318,327,3
40.jpg,384,269,496,363,4
40.jpg,145,377,296,512,5
40.jpg,379,394,493,501,6
40.jpg,47,524,305,645,7
40.jpg,329,510,486,650,8
40.jpg,89,665,287,728,9
41.jpg,138,56,291,150,1
41.jpg,114,188,411,220,2
41.jpg,104,237,390,269,3
41.jpg,113,322,244,414,4
41.jpg,129,463,280,592,5
41.jpg,97,607,207,738,6
41.jpg,290,1,598,204,7
41.jpg,363,191,489,312,8
41.jpg,340,357,565,437,9
42.jpg,20,24,141,90,1
42.jpg,152,31,478,51,2
42.jpg,139,60,422,102,3
42.jpg,18,151,219,262,4
42.jpg,261,122,427,294,5
42.jpg,438,80,573,254,6
42.jpg,10,271,333,511,7
42.jpg,278,317,543,584,8
42.jpg,36,583,430,689,9
43.jpg,228,20,405,113,1
43.jpg,21,114,317,154,2
43.jpg,347,115,600,181,3
43.jpg,39,193,206,299,4
43.jpg,230,193,369,338,5
43.jpg,412,187,546,345,6
43.jpg,24,295,341,469,7
43.jpg,254,383,539,667,8
43.jpg,50,679,461,776,9
44.jpg,211,34,396,114,1
44.jpg,22,119,392,138,2
44.jpg,24,137,358,206,3
44.jpg,351,227,512,353,5
44.jpg,247,293,375,474,6
44.jpg,8,418,308,610,7
44.jpg,293,422,574,680,8
44.jpg,63,687,411,757,9
45.jpg,54,37,235,128,1
45.jpg,239,55,592,83,2
45.jpg,51,121,424,200,3
45.jpg,50,228,259,353,4
45.jpg,307,198,498,359,5
45.jpg,416,259,562,458,6
45.jpg,13,349,352,545,7
45.jpg,74,517,230,776,8
45.jpg,237,545,582,665,9
46.jpg,10,29,121,98,1
46.jpg,140,32,430,47,2
46.jpg,134,61,433,97,3
46.jpg,14,118,162,229,4
46.jpg,206,112,315,230,5
46.jpg,371,85,590,225,6
46.jpg,6,255,356,412,7
46.jpg,364,215,556,448,8
46.jpg,91,421,365,491,9
47.jpg,37,42,170,100,1
47.jpg,36,101,474,148,2
47.jpg,19,138,417,223,3
47.jpg,39,232,187,369,4
47.jpg,215,226,347,380,5
47.jpg,396,161,538,338,6
47.jpg,36,368,336,552,7
47.jpg,338,336,517,553,8
47.jpg,55,563,398,641,9
48.jpg,37,45,188,126,1
48.jpg,114,107,556,144,2
48.jpg,22,159,399,212,3
48.jpg,52,246,290,382,4
48.jpg,351,222,514,356,5
48.jpg,270,361,430,530,6
48.jpg,18,487,349,683,7
48.jpg,354,484,555,768,8
48.jpg,48,683,358,775,9
49.jpg,20,35,222,130,1
49.jpg,42,128,559,185,2
49.jpg,22,198,416,262,3
49.jpg,10,290,196,465,4
49.jpg,438,188,600,379,5
49.jpg,254,262,401,499,6
49.jpg,10,279,189,460,7
49.jpg,335,438,575,722,8
49.jpg,55,704,339,776,9
5 (1).jpg,17,17,291,164,1
5 (1).jpg,208,15,595,47,2
5 (1).jpg,279,60,571,127,3
5 (1).jpg,7,175,257,367,4
5 (1).jpg,325,149,555,366,5
5 (1).jpg,348,249,567,556,6
5 (1).jpg,4,328,345,559,7
5 (1).jpg,207,503,485,776,8
5 (1).jpg,12,574,284,720,9
5 (10).jpg,75,67,185,127,1
5 (10).jpg,180,20,506,47,2
5 (10).jpg,178,116,535,181,3
5 (10).jpg,237,50,399,129,4
5 (10).jpg,25,322,137,449,5
5 (10).jpg,240,338,514,569,6
5 (10).jpg,48,467,276,624,7
5 (10).jpg,14,209,152,333,8
5 (10).jpg,188,237,464,342,9
5 (11).jpg,48,55,198,123,1
5 (11).jpg,93,118,415,170,2
5 (11).jpg,39,175,345,239,3
5 (11).jpg,394,101,517,250,4
5 (11).jpg,60,255,184,390,5
5 (11).jpg,230,206,399,425,6
5 (11).jpg,38,370,330,595,7
5 (11).jpg,379,331,555,573,8
5 (11).jpg,148,571,536,678,9
5 (12).jpg,24,27,250,151,1
5 (12).jpg,249,26,574,56,2
5 (12).jpg,258,71,587,133,3
5 (12).jpg,74,163,260,320,4
5 (12).jpg,315,145,514,328,5
5 (12).jpg,385,212,580,430,6
5 (12).jpg,26,303,392,516,7
5 (12).jpg,264,427,510,703,8
5 (12).jpg,25,687,447,776,9
5 (13).jpg,65,36,163,94,1
5 (13).jpg,178,23,497,40,2
5 (13).jpg,170,55,488,98,3
5 (13).jpg,19,69,132,217,4
5 (13).jpg,287,104,396,208,5
5 (13).jpg,130,100,274,233,6
5 (13).jpg,340,82,591,258,7
5 (13).jpg,397,183,545,343,8
5 (13).jpg,11,239,337,318,9
5 (14).jpg,176,237,411,364,1
5 (14).jpg,201,495,566,528,2
5 (14).jpg,116,594,459,721,3
5 (14).jpg,37,383,185,561,4
5 (14).jpg,22,74,158,212,5
5 (14).jpg,27,204,147,397,6
5 (14).jpg,271,272,584,464,7
5 (14).jpg,300,71,490,248,8
5 (14).jpg,125,49,363,99,9
5 (15).jpg,80,71,161,122,1
5 (15).jpg,194,130,363,177,2
5 (15).jpg,67,199,284,298,3
5 (15).jpg,317,237,432,386,4
5 (15).jpg,130,422,271,554,5
5 (15).jpg,349,402,513,591,6
5 (15).jpg,40,506,313,719,7
5 (15).jpg,326,600,420,720,8
5 (15).jpg,24,658,222,711,9
5 (16).jpg,247,146,428,266,1
5 (16).jpg,21,41,307,83,2
5 (16).jpg,10,79,562,172,3
5 (16).jpg,4,213,234,370,4
5 (16).jpg,15,369,284,539,5
5 (16).jpg,343,179,594,434,6
5 (16).jpg,9,532,248,776,7
5 (16).jpg,376,392,519,640,8
5 (16).jpg,218,639,553,747,9
5 (17).jpg,202,47,362,139,1
5 (17).jpg,99,179,388,211,2
5 (17).jpg,10,229,344,298,3
5 (17).jpg,0,301,180,494,4
5 (17).jpg,226,322,412,471,5
5 (17).jpg,421,317,587,481,6
5 (17).jpg,95,468,436,632,7
5 (17).jpg,6,574,146,776,8
5 (17).jpg,185,621,531,729,9
5 (18).jpg,218,183,358,281,1
5 (18).jpg,8,303,231,328,2
5 (18).jpg,13,295,346,401,3
5 (18).jpg,43,75,223,255,4
5 (18).jpg,366,149,534,297,5
5 (18).jpg,337,246,469,447,6
5 (18).jpg,48,348,403,519,7
5 (18).jpg,153,449,322,637,8
5 (18).jpg,291,446,581,531,9
5 (19).jpg,39,29,193,130,1
5 (19).jpg,212,65,574,88,2
5 (19).jpg,187,91,482,145,3
5 (19).jpg,23,130,177,315,4
5 (19).jpg,221,168,367,282,5
5 (19).jpg,387,116,583,322,6
5 (19).jpg,0,292,353,506,7
5 (19).jpg,332,324,599,561,8
5 (19).jpg,12,551,440,722,9
5 (2).jpg,57,5,212,118,1
5 (2).jpg,212,40,571,95,2
5 (2).jpg,36,120,375,225,3
5 (2).jpg,390,88,522,171,4
5 (2).jpg,31,194,206,325,5
5 (2).jpg,388,96,590,327,6
5 (2).jpg,64,246,377,394,7
5 (2).jpg,317,246,600,439,8
5 (2).jpg,31,400,346,504,9
5 (20).jpg,57,41,209,112,1
5 (20).jpg,237,47,483,74,2
5 (20).jpg,0,103,330,161,3
5 (20).jpg,332,60,515,159,4
5 (20).jpg,47,154,190,276,5
5 (20).jpg,223,122,371,264,6
5 (20).jpg,332,138,576,293,7
5 (20).jpg,44,219,218,340,8
5 (20).jpg,185,286,447,343,9
5 (21).jpg,45,45,207,148,1
5 (21).jpg,227,50,564,76,2
5 (21).jpg,214,81,545,138,3
5 (21).jpg,24,165,252,320,4
5 (21).jpg,283,160,425,306,5
5 (21).jpg,415,121,579,355,6
5 (21).jpg,11,301,421,577,7
5 (21).jpg,271,386,573,724,8
5 (21).jpg,13,620,460,772,9
5 (22).jpg,218,183,524,327,1
5 (22).jpg,57,51,543,84,2
5 (22).jpg,40,291,567,413,3
5 (22).jpg,33,98,271,262,4
5 (22).jpg,296,391,549,585,5
5 (22).jpg,18,354,324,604,6
5 (22).jpg,26,534,307,730,7
5 (22).jpg,302,534,575,776,8
5 (22).jpg,46,713,373,776,9
5 (23).jpg,448,18,563,86,1
5 (23).jpg,122,7,428,53,2
5 (23).jpg,355,114,568,229,3
5 (23).jpg,287,183,477,302,4
5 (23).jpg,2,4,158,135,5
5 (23).jpg,22,77,126,295,6
5 (23).jpg,262,42,457,178,7
5 (23).jpg,107,29,315,170,8
5 (23).jpg,119,176,344,249,9
5 (24).jpg,218,207,348,278,1
5 (24).jpg,195,120,539,186,2
5 (24).jpg,273,13,529,135,3
5 (24).jpg,268,400,423,554,4
5 (24).jpg,63,57,213,157,5
5 (24).jpg,58,417,243,620,6
5 (24).jpg,3,145,206,301,7
5 (24).jpg,391,196,564,370,8
5 (24).jpg,35,332,351,432,9
5 (25).jpg,222,212,389,304,1
5 (25).jpg,18,263,359,348,2
5 (25).jpg,215,367,551,471,3
5 (25).jpg,56,344,183,477,4
5 (25).jpg,421,167,541,318,5
5 (25).jpg,352,470,530,620,6
5 (25).jpg,265,19,500,153,7
5 (25).jpg,43,22,227,258,8
5 (25).jpg,126,470,400,533,9
5 (26).jpg,51,57,199,131,1
5 (26).jpg,6,163,296,183,2
5 (26).jpg,245,11,535,128,3
5 (26).jpg,19,208,128,310,4
5 (26).jpg,280,202,433,300,5
5 (26).jpg,27,317,205,469,6
5 (26).jpg,234,316,592,469,7
5 (26).jpg,298,516,516,733,8
5 (26).jpg,22,550,274,698,9
5 (27).jpg,63,52,201,130,1
5 (27).jpg,220,33,524,56,2
5 (27).jpg,185,73,565,139,3
5 (27).jpg,29,150,168,284,4
5 (27).jpg,229,158,367,289,5
5 (27).jpg,383,136,559,279,6
5 (27).jpg,45,290,424,468,7
5 (27).jpg,347,395,571,683,8
5 (27).jpg,45,494,400,581,9
5 (28).jpg,15,63,149,125,1
5 (28).jpg,167,69,347,134,2
5 (28).jpg,208,19,538,136,3
5 (28).jpg,101,155,246,277,4
5 (28).jpg,307,159,440,285,5
5 (28).jpg,363,311,493,439,6
5 (28).jpg,86,294,208,431,8
5 (28).jpg,150,440,426,504,9
5 (29).jpg,43,48,213,121,1
5 (29).jpg,260,48,566,82,2
5 (29).jpg,8,142,392,232,3
5 (29).jpg,420,101,579,233,4
5 (29).jpg,313,230,476,388,5
5 (29).jpg,37,207,287,424,6
5 (29).jpg,204,379,535,560,7
5 (29).jpg,256,512,517,776,8
5 (29).jpg,25,564,332,682,9
5 (3).jpg,69,47,193,103,1
5 (3).jpg,99,138,432,159,2
5 (3).jpg,31,195,345,250,3
5 (3).jpg,32,256,182,375,4
5 (3).jpg,235,264,379,376,5
5 (3).jpg,420,253,564,422,6
5 (3).jpg,80,378,394,547,7
5 (3).jpg,386,447,499,642,8
5 (3).jpg,93,626,408,698,9
5 (30).jpg,239,68,352,150,1
5 (30).jpg,61,164,525,198,2
5 (30).jpg,53,193,436,286,3
5 (30).jpg,134,419,331,612,4
5 (30).jpg,46,56,194,172,5
5 (30).jpg,5,288,192,516,6
5 (30).jpg,189,280,522,417,7
5 (30).jpg,328,528,496,728,8
5 (30).jpg,20,546,215,635,9
5 (31).jpg,80,59,278,179,1
5 (31).jpg,288,129,589,173,2
5 (31).jpg,42,220,536,335,3
5 (31).jpg,9,356,154,469,4
5 (31).jpg,191,335,348,478,5
5 (31).jpg,395,325,557,511,6
5 (31).jpg,68,465,410,635,7
5 (31).jpg,316,524,525,776,8
5 (31).jpg,38,635,359,728,9
5 (32).jpg,60,62,204,144,1
5 (32).jpg,248,73,555,112,2
5 (32).jpg,48,163,414,233,3
5 (32).jpg,13,276,178,389,4
5 (32).jpg,229,267,364,388,5
5 (32).jpg,377,190,589,365,6
5 (32).jpg,77,392,391,519,7
5 (32).jpg,336,375,558,629,8
5 (32).jpg,71,552,452,667,9
5 (4).jpg,19,13,182,91,1
5 (4).jpg,208,44,517,113,2
5 (4).jpg,23,119,369,200,3
5 (4).jpg,53,203,259,313,4
5 (4).jpg,410,130,581,264,5
5 (4).jpg,247,367,410,610,6
5 (4).jpg,1,217,476,440,7
5 (4).jpg,0,457,186,677,8
5 (4).jpg,200,622,539,746,9
5 (5).jpg,201,93,338,181,1
5 (5).jpg,71,202,328,228,2
5 (5).jpg,113,234,214,314,3
5 (5).jpg,34,250,95,333,4
5 (5).jpg,350,163,428,228,5
5 (5).jpg,247,234,331,327,6
5 (5).jpg,136,252,315,394,7
5 (5).jpg,396,48,491,165,8
5 (5).jpg,344,227,535,280,9
5 (6).jpg,65,79,181,142,1
5 (6).jpg,236,51,566,66,2
5 (6).jpg,194,83,570,143,3
5 (6).jpg,253,166,470,334,4
5 (6).jpg,37,177,167,310,5
5 (6).jpg,460,207,593,402,6
5 (6).jpg,39,301,343,541,7
5 (6).jpg,219,471,406,679,8
5 (6).jpg,37,670,370,776,9
5 (7).jpg,11,1,169,93,1
5 (7).jpg,146,73,518,120,2
5 (7).jpg,6,134,278,230,3
5 (7).jpg,16,221,166,413,4
5 (7).jpg,433,118,571,244,5
5 (7).jpg,366,186,480,381,6
5 (7).jpg,39,305,457,563,7
5 (7).jpg,24,503,284,752,8
5 (7).jpg,259,538,576,652,9
5 (8).jpg,157,6,294,79,1
5 (8).jpg,5,85,570,108,2
5 (8).jpg,8,127,382,183,3
5 (8).jpg,16,208,183,376,4
5 (8).jpg,256,191,417,330,5
5 (8).jpg,416,103,572,334,6
5 (8).jpg,38,321,408,524,7
5 (8).jpg,341,421,577,699,8
5 (8).jpg,3,584,353,714,9
5 (9).jpg,36,122,138,170,1
5 (9).jpg,55,208,324,249,2
5 (9).jpg,59,253,304,333,3
5 (9).jpg,212,531,339,755,4
5 (9).jpg,350,280,467,389,5
5 (9).jpg,331,366,479,524,6
5 (9).jpg,266,58,590,254,7
5 (9).jpg,24,410,121,512,8
5 (9).jpg,210,463,337,523,9
5.jpg,20,18,176,96,1
5.jpg,7,91,244,123,2
5.jpg,5,116,285,175,3
5.jpg,35,187,180,288,4
5.jpg,226,179,356,302,5
5.jpg,353,136,519,381,6
5.jpg,18,274,255,417,7
5.jpg,60,372,216,564,8
5.jpg,248,385,449,451,9
50.jpg,35,35,185,117,1
50.jpg,9,126,202,143,2
50.jpg,5,142,309,202,3
50.jpg,358,32,524,162,4
50.jpg,345,160,514,307,5
50.jpg,34,214,196,372,6
50.jpg,227,300,511,444,7
50.jpg,3,376,186,588,8
50.jpg,227,447,531,528,9
51.jpg,34,35,221,139,1
51.jpg,39,158,470,181,2
51.jpg,26,190,578,281,3
51.jpg,30,310,202,429,4
51.jpg,285,289,459,442,5
51.jpg,48,396,218,586,6
51.jpg,227,405,573,600,7
51.jpg,11,571,227,770,8
51.jpg,223,593,576,716,9
52.jpg,249,21,433,107,1
52.jpg,20,119,535,144,2
52.jpg,22,163,367,235,3
52.jpg,352,201,564,338,4
52.jpg,24,260,190,406,5
52.jpg,189,270,300,456,6
52.jpg,247,351,570,565,7
52.jpg,5,502,245,776,8
52.jpg,240,592,579,704,9
53.jpg,16,30,228,120,1
53.jpg,247,37,566,58,2
53.jpg,236,80,581,127,3
53.jpg,2,138,185,273,4
53.jpg,276,138,453,290,5
53.jpg,449,123,588,285,6
53.jpg,30,233,308,469,7
53.jpg,242,297,478,556,8
53.jpg,32,551,368,656,9
54.jpg,62,62,163,119,1
54.jpg,299,235,498,264,2
54.jpg,42,179,271,277,3
54.jpg,19,284,201,457,4
54.jpg,287,324,444,453,5
54.jpg,22,477,193,638,6
54.jpg,166,518,432,630,7
54.jpg,19,658,156,776,8
54.jpg,221,692,450,749,9
55.jpg,26,5,103,52,1
55.jpg,191,19,329,35,2
55.jpg,329,15,539,36,3
55.jpg,9,67,113,111,4
55.jpg,217,64,290,123,5
55.jpg,350,35,469,135,6
55.jpg,5,88,195,257,7
55.jpg,192,134,261,205,8
55.jpg,314,132,442,193,9
56.jpg,195,181,351,260,1
56.jpg,142,317,423,355,2
56.jpg,126,371,412,432,3
56.jpg,131,482,307,558,4
56.jpg,127,562,256,690,5
56.jpg,334,516,490,681,6
56.jpg,127,61,385,194,7
56.jpg,1,609,151,776,8
56.jpg,272,716,551,776,9
57.jpg,427,17,550,268,1
57.jpg,484,311,504,502,2
57.jpg,345,27,391,281,3
57.jpg,289,396,422,615,4
57.jpg,119,26,321,240,5
57.jpg,76,254,266,466,6
57.jpg,7,396,206,776,7
57.jpg,348,604,527,761,8
57.jpg,206,476,271,766,9
58.jpg,52,33,168,95,1
58.jpg,58,113,396,143,2
58.jpg,38,163,292,203,3
58.jpg,50,209,266,281,4
58.jpg,21,301,121,397,5
58.jpg,24,430,100,502,6
58.jpg,14,535,187,619,7
58.jpg,60,644,154,757,8
58.jpg,236,37,397,85,9
59.jpg,47,42,182,124,1
59.jpg,283,27,528,77,2
59.jpg,282,99,487,146,3
59.jpg,21,192,162,277,4
59.jpg,249,167,376,289,5
59.jpg,432,167,548,297,6
59.jpg,4,329,198,453,7
59.jpg,260,337,382,490,8
59.jpg,422,348,597,429,9
6 (1).jpg,21,24,128,76,1
6 (1).jpg,147,22,386,46,2
6 (1).jpg,151,43,330,87,3
6 (1).jpg,429,18,520,101,4
6 (1).jpg,29,86,145,188,5
6 (1).jpg,415,103,527,204,6
6 (1).jpg,172,93,371,180,7
6 (1).jpg,25,159,186,261,8
6 (1).jpg,213,170,393,222,9
6 (10).jpg,42,43,151,97,1
6 (10).jpg,168,66,376,92,2
6 (10).jpg,14,117,262,200,3
6 (10).jpg,300,112,488,208,4
6 (10).jpg,7,197,205,331,5
6 (10).jpg,228,203,478,348,6
6 (10).jpg,11,331,241,467,7
6 (10).jpg,360,282,512,475,8
6 (10).jpg,108,456,372,514,9
6 (11).jpg,49,45,207,118,1
6 (11).jpg,225,54,557,78,2
6 (11).jpg,30,128,320,189,3
6 (11).jpg,28,208,138,361,4
6 (11).jpg,397,107,557,237,5
6 (11).jpg,207,121,392,355,6
6 (11).jpg,0,348,281,542,7
6 (11).jpg,341,308,536,576,8
6 (11).jpg,82,587,490,717,9
6 (12).jpg,36,39,185,116,1
6 (12).jpg,222,55,528,81,2
6 (12).jpg,14,154,291,202,3
6 (12).jpg,77,246,251,371,4
6 (12).jpg,333,236,524,380,5
6 (12).jpg,56,383,254,559,6
6 (12).jpg,292,388,591,534,7
6 (12).jpg,56,567,245,776,8
6 (12).jpg,297,581,584,668,9
6 (13).jpg,54,35,190,102,1
6 (13).jpg,224,18,528,52,2
6 (13).jpg,13,100,247,145,3
6 (13).jpg,342,51,463,149,4
6 (13).jpg,46,167,197,305,5
6 (13).jpg,231,88,365,264,6
6 (13).jpg,349,142,581,292,7
6 (13).jpg,370,244,540,449,8
6 (13).jpg,1,301,244,376,9
6 (14).jpg,240,53,525,203,1
6 (14).jpg,10,145,269,194,2
6 (14).jpg,30,201,454,285,3
6 (14).jpg,17,295,252,435,4
6 (14).jpg,289,291,499,460,5
6 (14).jpg,142,335,302,577,6
6 (14).jpg,28,494,371,710,7
6 (14).jpg,313,409,534,634,8
6 (14).jpg,103,648,517,776,9
6 (15).jpg,98,110,204,173,1
6 (15).jpg,222,141,429,175,2
6 (15).jpg,60,209,396,277,3
6 (15).jpg,39,305,174,388,4
6 (15).jpg,334,306,499,410,5
6 (15).jpg,334,424,487,557,6
6 (15).jpg,22,422,276,579,7
6 (15).jpg,309,577,565,770,8
6 (15).jpg,16,599,291,729,9
6 (16).jpg,43,20,247,129,1
6 (16).jpg,228,26,590,55,2
6 (16).jpg,6,132,358,198,3
6 (16).jpg,401,79,586,215,4
6 (16).jpg,56,221,265,413,5
6 (16).jpg,326,216,556,429,6
6 (16).jpg,2,363,345,618,7
6 (16).jpg,311,430,542,700,8
6 (16).jpg,21,700,398,776,9
6 (17).jpg,123,78,302,183,1
6 (17).jpg,36,206,238,252,2
6 (17).jpg,36,424,306,512,3
6 (17).jpg,0,513,211,663,4
6 (17).jpg,33,662,184,776,5
6 (17).jpg,228,571,332,776,6
6 (17).jpg,329,584,560,776,7
6 (17).jpg,118,206,323,428,8
6 (17).jpg,319,454,562,556,9
6 (18).jpg,70,77,194,135,1
6 (18).jpg,102,157,395,209,2
6 (18).jpg,18,236,338,291,3
6 (18).jpg,370,195,484,260,4
6 (18).jpg,77,315,202,436,5
6 (18).jpg,275,280,428,438,6
6 (18).jpg,75,426,320,575,7
6 (18).jpg,356,432,528,585,8
6 (18).jpg,199,579,476,662,9
6 (19).jpg,196,228,400,402,1
6 (19).jpg,28,121,566,185,2
6 (19).jpg,6,334,317,441,3
6 (19).jpg,7,184,216,290,4
6 (19).jpg,395,179,571,383,5
6 (19).jpg,350,380,560,642,6
6 (19).jpg,134,0,515,117,7
6 (19).jpg,175,614,447,776,8
6 (19).jpg,0,501,315,608,9
6 (2).jpg,437,598,510,755,1
6 (2).jpg,83,526,531,568,2
6 (2).jpg,372,445,586,510,3
6 (2).jpg,74,167,227,339,4
6 (2).jpg,227,579,354,672,5
6 (2).jpg,136,647,368,770,6
6 (2).jpg,240,172,566,355,7
6 (2).jpg,173,312,371,515,8
6 (2).jpg,210,92,485,152,9
6 (20).jpg,87,37,312,179,1
6 (20).jpg,34,182,253,256,2
6 (20).jpg,25,338,383,444,3
6 (20).jpg,21,457,183,653,4
6 (20).jpg,73,632,266,762,5
6 (20).jpg,202,458,471,636,6
6 (20).jpg,323,580,564,776,7
6 (20).jpg,221,158,469,323,8
6 (20).jpg,412,146,580,369,9
6 (21).jpg,38,62,189,136,1
6 (21).jpg,24,167,211,223,2
6 (21).jpg,2,344,337,431,3
6 (21).jpg,58,428,195,571,4
6 (21).jpg,27,655,223,776,5
6 (21).jpg,287,26,484,227,6
6 (21).jpg,210,233,548,409,7
6 (21).jpg,204,417,454,631,8
6 (21).jpg,229,675,533,729,9
6 (22).jpg,395,3,584,95,1
6 (22).jpg,254,112,534,133,2
6 (22).jpg,217,148,462,249,3
6 (22).jpg,32,184,158,325,4
6 (22).jpg,50,29,218,191,5
6 (22).jpg,34,345,198,561,6
6 (22).jpg,173,255,535,418,7
6 (22).jpg,188,372,339,507,7
6 (22).jpg,350,384,585,446,8
6 (23).jpg,13,25,181,116,1
6 (23).jpg,212,44,542,86,2
6 (23).jpg,170,93,493,149,3
6 (23).jpg,30,148,146,230,4
6 (23).jpg,199,155,386,341,5
6 (23).jpg,307,142,567,423,6
6 (23).jpg,13,377,362,624,7
6 (23).jpg,225,410,600,620,8
6 (23).jpg,31,623,455,774,9
6 (24).jpg,32,87,240,211,1
6 (24).jpg,39,230,226,322,2
6 (24).jpg,29,324,285,457,3
6 (24).jpg,94,484,230,613,4
6 (24).jpg,62,595,214,737,5
6 (24).jpg,356,0,600,199,6
6 (24).jpg,290,211,558,418,7
6 (24).jpg,274,431,457,633,8
6 (24).jpg,265,640,498,701,9
6 (25).jpg,30,21,156,85,1
6 (25).jpg,164,20,445,36,2
6 (25).jpg,154,45,407,95,3
6 (25).jpg,410,13,533,123,4
6 (25).jpg,31,100,191,214,5
6 (25).jpg,221,92,369,202,6
6 (25).jpg,331,111,597,223,7
6 (25).jpg,316,196,579,351,8
6 (25).jpg,8,217,283,285,9
6 (26).jpg,52,55,209,138,1
6 (26).jpg,229,92,506,117,2
6 (26).jpg,8,163,330,228,3
6 (26).jpg,355,115,535,235,4
6 (26).jpg,66,397,215,520,5
6 (26).jpg,26,216,279,386,6
6 (26).jpg,213,219,591,406,7
6 (26).jpg,216,368,514,604,8
6 (26).jpg,34,587,363,694,9
6 (27).jpg,58,51,175,123,1
6 (27).jpg,229,62,555,93,2
6 (27).jpg,52,143,474,209,3
6 (27).jpg,48,229,149,387,4
6 (27).jpg,217,236,325,343,5
6 (27).jpg,385,121,600,325,6
6 (27).jpg,32,324,432,588,7
6 (27).jpg,367,385,577,660,8
6 (27).jpg,37,574,357,680,9
6 (28).jpg,258,286,377,377,1
6 (28).jpg,49,416,392,488,2
6 (28).jpg,50,61,568,152,3
6 (28).jpg,71,190,269,328,4
6 (28).jpg,386,154,541,313,5
6 (28).jpg,336,362,556,657,6
6 (28).jpg,14,478,282,670,7
6 (28).jpg,107,654,366,730,9
6 (3).jpg,32,55,178,130,1
6 (3).jpg,203,50,541,74,2
6 (3).jpg,52,143,380,212,3
6 (3).jpg,33,204,171,337,4
6 (3).jpg,422,96,575,233,5
6 (3).jpg,212,183,415,337,6
6 (3).jpg,58,303,369,518,7
6 (3).jpg,387,258,563,486,8
6 (3).jpg,185,501,487,596,9
6 (4).jpg,37,36,210,136,1
6 (4).jpg,250,55,521,88,2
6 (4).jpg,241,92,554,170,3
6 (4).jpg,13,140,212,240,4
6 (4).jpg,253,162,405,267,5
6 (4).jpg,423,159,561,307,6
6 (4).jpg,0,239,253,436,7
6 (4).jpg,290,244,438,350,8
6 (4).jpg,119,339,397,409,9
6 (5).jpg,66,48,197,116,1
6 (5).jpg,116,147,474,170,2
6 (5).jpg,60,195,427,257,3
6 (5).jpg,56,253,199,369,4
6 (5).jpg,378,270,504,381,5
6 (5).jpg,183,269,359,476,6
6 (5).jpg,23,433,367,648,7
6 (5).jpg,371,373,560,560,8
6 (5).jpg,200,620,528,725,9
6 (6).jpg,290,41,357,90,1
6 (6).jpg,24,31,192,55,2
6 (6).jpg,20,61,155,99,3
6 (6).jpg,408,9,540,92,4
6 (6).jpg,175,58,288,158,5
6 (6).jpg,25,90,178,229,6
6 (6).jpg,287,95,533,180,7
6 (6).jpg,119,147,306,282,8
6 (6).jpg,339,172,573,239,9
6 (7).jpg,225,165,388,248,1
6 (7).jpg,21,497,349,589,2
6 (7).jpg,3,410,339,488,3
6 (7).jpg,484,3,600,236,4
6 (7).jpg,266,309,415,440,5
6 (7).jpg,169,638,409,776,6
6 (7).jpg,1,0,259,287,7
6 (7).jpg,239,0,465,156,8
6 (7).jpg,476,436,549,743,9
6 (8).jpg,188,303,450,442,1
6 (8).jpg,71,128,526,155,2
6 (8).jpg,45,488,297,630,3
6 (8).jpg,322,384,541,601,4
6 (8).jpg,40,193,176,369,5
6 (8).jpg,253,662,450,776,6
6 (8).jpg,224,518,538,690,7
6 (8).jpg,333,157,560,324,8
6 (8).jpg,163,66,460,129,9
6 (9).jpg,43,44,206,126,1
6 (9).jpg,253,66,594,107,2
6 (9).jpg,30,157,345,219,3
6 (9).jpg,56,268,217,384,4
6 (9).jpg,374,198,546,351,5
6 (9).jpg,422,268,584,516,6
6 (9).jpg,17,317,376,611,7
6 (9).jpg,360,508,531,773,8
6 (9).jpg,25,634,369,727,9
6.jpg,81,26,235,104,1
6.jpg,245,29,543,48,2
6.jpg,232,62,506,97,3
6.jpg,32,120,234,232,4
6.jpg,275,122,411,244,5
6.jpg,423,96,567,243,6
6.jpg,9,239,275,425,7
6.jpg,300,241,526,472,8
6.jpg,7,476,356,574,9
60.jpg,26,28,197,130,1
60.jpg,314,67,431,97,2
60.jpg,30,160,201,200,3
60.jpg,330,132,452,221,4
60.jpg,45,252,183,391,5
60.jpg,330,245,411,346,6
60.jpg,36,451,219,534,7
60.jpg,334,422,464,594,8
60.jpg,52,635,272,706,9
61.jpg,34,52,179,132,1
61.jpg,31,214,348,290,2
61.jpg,11,302,382,391,3
61.jpg,26,399,269,565,4
61.jpg,58,569,224,705,5
61.jpg,340,8,506,184,6
61.jpg,337,206,561,331,7
61.jpg,354,372,476,540,8
61.jpg,330,598,562,670,9
62.jpg,147,25,410,147,1
62.jpg,15,142,569,176,2
62.jpg,197,211,535,310,3
62.jpg,15,298,218,422,4
62.jpg,263,337,429,493,5
62.jpg,430,300,555,481,6
62.jpg,5,434,324,649,7
62.jpg,317,488,595,757,8
62.jpg,34,640,324,762,9
63.jpg,22,20,224,129,1
63.jpg,212,21,585,44,2
63.jpg,229,83,592,152,3
63.jpg,20,154,200,264,4
63.jpg,323,158,484,301,5
63.jpg,100,180,266,410,6
63.jpg,235,283,560,490,7
63.jpg,7,424,226,727,8
63.jpg,231,505,574,619,9
64.jpg,92,75,285,175,1
64.jpg,21,230,319,284,2
64.jpg,19,281,377,386,3
64.jpg,19,359,227,474,4
64.jpg,358,363,522,505,5
64.jpg,32,484,255,687,6
64.jpg,321,546,600,713,7
64.jpg,54,616,196,776,8
64.jpg,290,717,600,776,9
65.jpg,55,27,221,119,1
65.jpg,55,141,362,181,2
65.jpg,60,163,390,239,3
65.jpg,41,210,184,315,4
65.jpg,100,311,201,424,5
65.jpg,252,300,372,447,6
65.jpg,122,463,353,616,7
65.jpg,402,465,506,627,8
65.jpg,203,647,421,722,9
66.jpg,425,12,551,204,1
66.jpg,438,263,463,573,2
66.jpg,303,29,363,313,3
66.jpg,255,435,428,607,4
66.jpg,0,44,244,267,5
66.jpg,28,321,258,496,6
66.jpg,21,502,260,772,7
66.jpg,398,609,583,775,8
66.jpg,484,290,570,576,9
67.jpg,32,58,181,137,1
67.jpg,17,201,226,239,2
67.jpg,309,196,536,239,3
67.jpg,20,263,148,364,4
67.jpg,350,284,500,419,5
67.jpg,54,464,242,639,6
67.jpg,299,508,559,650,7
67.jpg,66,665,207,776,8
67.jpg,303,682,541,752,9
68.jpg,376,51,557,146,1
68.jpg,15,20,380,140,2
68.jpg,16,82,435,229,3
68.jpg,61,179,330,337,4
68.jpg,274,377,430,541,5
68.jpg,35,398,209,595,6
68.jpg,262,518,593,656,7
68.jpg,25,630,154,776,8
68.jpg,259,687,505,750,9
69.jpg,499,337,584,489,1
69.jpg,441,26,560,339,2
69.jpg,372,412,485,703,3
69.jpg,277,8,405,193,4
69.jpg,273,283,404,465,5
69.jpg,42,15,219,197,6
69.jpg,54,227,183,450,7
69.jpg,223,528,375,663,8
69.jpg,163,506,225,681,9
70.jpg,300,536,383,663,1
70.jpg,526,43,585,300,2
70.jpg,428,38,544,322,3
70.jpg,362,36,484,155,4
70.jpg,237,48,334,166,5
70.jpg,88,153,207,252,6
70.jpg,241,276,355,442,7
70.jpg,420,385,536,476,8
70.jpg,122,410,203,610,9
